Workbook

Sheet transactions_raw
A1: transaction_id | B1: transaction_date | C1: merchant_name | D1: raw_amount | E1: currency | F1: status | G1: risk_score | H1: gateway_region | I1: user_id | J1: payment_method | K1: merchant_name_clean | L1: transaction_date_clean | M1: status_clean | N1: risk_score_clean | O1: gateway_region_clean | P1: rate | Q1: amount_usd | R1: high_value_flag | S1: high_risk_flag
A2: T001 | B2: 46082 | C2: alpha mart | D2: 420000 | E2: INR | F2: captured | G2: score:62 | H2: APAC | I2: U001 | J2: UPI | K2: =TRIM(PROPER(C:C)) -> Alpha Mart | L2: =DATEVALUE(B:B) -> 46082 | M2: =IF(ISNUMBER(SEARCH("captured", F2)), "CAPTURED", IF(ISNUMBER(SEARCH("failed", F2)), "FAILED", "OTHER")) -> CAPTURED | N2: =IFERROR(__xludf.DUMMYFUNCTION("IFERROR(VALUE(REGEXREPLACE(TO_TEXT(G2), ""[^0-9]"", """")), 0)"),62.0) -> 62 | O2: =IF(H2="", "UNKNOWN", UPPER(TRIM(H2))) -> APAC | P2: {=INDEX(exchange_rates!$C:$C, MATCH(1, (exchange_rates!$B:$B=E2) * (exchange_rates!$A:$A=B2), 0))} -> 0.0119 | Q2: =D2*P2 -> 4998 | R2: =IF(AND(O2="APAC", D2 > 5000), 1, IF(AND(O2="EU", D2 > 6000), 1, IF(AND(O2="US", D2 > 7000), 1, 0))) -> 1 | S2: =IF(OR(N2 >= 70, M2="OTHER"), 1, 0) -> 0
A3: T002 | B3: 46082 | C3: ALPHA MART | D3: 210000 | E3: INR | F3: Captured | G3: 55 | I3: U002 | J3: Card | K3: =TRIM(PROPER(C:C)) -> Alpha Mart | L3: =DATEVALUE(B:B) -> 46082 | M3: =IF(ISNUMBER(SEARCH("captured", F3)), "CAPTURED", IF(ISNUMBER(SEARCH("failed", F3)), "FAILED", "OTHER")) -> CAPTURED | N3: =IFERROR(__xludf.DUMMYFUNCTION("IFERROR(VALUE(REGEXREPLACE(TO_TEXT(G3), ""[^0-9]"", """")), 0)"),55.0) -> 55 | O3: =IF(H3="", "UNKNOWN", UPPER(TRIM(H3))) -> UNKNOWN | P3: {=INDEX(exchange_rates!$C:$C, MATCH(1, (exchange_rates!$B:$B=E3) * (exchange_rates!$A:$A=B3), 0))} -> 0.0119 | Q3: =D3*P3 -> 2499 | R3: =IF(AND(O3="APAC", D3 > 5000), 1, IF(AND(O3="EU", D3 > 6000), 1, IF(AND(O3="US", D3 > 7000), 1, 0))) -> 0 | S3: =IF(OR(N3 >= 70, M3="OTHER"), 1, 0) -> 0
A4: T003 | B4: 46082 | C4: BETA STORES | D4: 510000 | E4: INR | F4: CAPTURED | G4: 71 | H4: APAC | I4: U003 | J4: NetBanking | K4: =TRIM(PROPER(C:C)) -> Beta Stores | L4: =DATEVALUE(B:B) -> 46082 | M4: =IF(ISNUMBER(SEARCH("captured", F4)), "CAPTURED", IF(ISNUMBER(SEARCH("failed", F4)), "FAILED", "OTHER")) -> CAPTURED | N4: =IFERROR(__xludf.DUMMYFUNCTION("IFERROR(VALUE(REGEXREPLACE(TO_TEXT(G4), ""[^0-9]"", """")), 0)"),71.0) -> 71 | O4: =IF(H4="", "UNKNOWN", UPPER(TRIM(H4))) -> APAC | P4: {=INDEX(exchange_rates!$C:$C, MATCH(1, (exchange_rates!$B:$B=E4) * (exchange_rates!$A:$A=B4), 0))} -> 0.0119 | Q4: =D4*P4 -> 6069 | R4: =IF(AND(O4="APAC", D4 > 5000), 1, IF(AND(O4="EU", D4 > 6000), 1, IF(AND(O4="US", D4 > 7000), 1, 0))) -> 1 | S4: =IF(OR(N4 >= 70, M4="OTHER"), 1, 0) -> 1
A5: T004 | B5: 46083 | C5: Beta Stores | D5: 160000 | E5: INR | F5: failed e05 timeout | G5: 68 | H5: apac | I5: U004 | J5: Card | K5: =TRIM(PROPER(C:C)) -> Beta Stores | L5: =DATEVALUE(B:B) -> 46083 | M5: =IF(ISNUMBER(SEARCH("captured", F5)), "CAPTURED", IF(ISNUMBER(SEARCH("failed", F5)), "FAILED", "OTHER")) -> FAILED | N5: =IFERROR(__xludf.DUMMYFUNCTION("IFERROR(VALUE(REGEXREPLACE(TO_TEXT(G5), ""[^0-9]"", """")), 0)"),68.0) -> 68 | O5: =IF(H5="", "UNKNOWN", UPPER(TRIM(H5))) -> APAC | P5: {=INDEX(exchange_rates!$C:$C, MATCH(1, (exchange_rates!$B:$B=E5) * (exchange_rates!$A:$A=B5), 0))} -> 0.012 | Q5: =D5*P5 -> 1920 | R5: =IF(AND(O5="APAC", D5 > 5000), 1, IF(AND(O5="EU", D5 > 6000), 1, IF(AND(O5="US", D5 > 7000), 1, 0))) -> 1 | S5: =IF(OR(N5 >= 70, M5="OTHER"), 1, 0) -> 0
A6: T005 | B6: 46083 | C6: Alpha Mart | D6: 390000 | E6: INR | F6: CAPTURED | G6: 58 | I6: U001 | J6: UPI | K6: =TRIM(PROPER(C:C)) -> Alpha Mart | L6: =DATEVALUE(B:B) -> 46083 | M6: =IF(ISNUMBER(SEARCH("captured", F6)), "CAPTURED", IF(ISNUMBER(SEARCH("failed", F6)), "FAILED", "OTHER")) -> CAPTURED | N6: =IFERROR(__xludf.DUMMYFUNCTION("IFERROR(VALUE(REGEXREPLACE(TO_TEXT(G6), ""[^0-9]"", """")), 0)"),58.0) -> 58 | O6: =IF(H6="", "UNKNOWN", UPPER(TRIM(H6))) -> UNKNOWN | P6: {=INDEX(exchange_rates!$C:$C, MATCH(1, (exchange_rates!$B:$B=E6) * (exchange_rates!$A:$A=B6), 0))} -> 0.012 | Q6: =D6*P6 -> 4680 | R6: =IF(AND(O6="APAC", D6 > 5000), 1, IF(AND(O6="EU", D6 > 6000), 1, IF(AND(O6="US", D6 > 7000), 1, 0))) -> 0 | S6: =IF(OR(N6 >= 70, M6="OTHER"), 1, 0) -> 0
A7: T006 | B7: 46083 | C7: Beta Stores | D7: 275000 | E7: INR | F7: Captured | G7: score:64 | I7: U005 | J7: Wallet | K7: =TRIM(PROPER(C:C)) -> Beta Stores | L7: =DATEVALUE(B:B) -> 46083 | M7: =IF(ISNUMBER(SEARCH("captured", F7)), "CAPTURED", IF(ISNUMBER(SEARCH("failed", F7)), "FAILED", "OTHER")) -> CAPTURED | N7: =IFERROR(__xludf.DUMMYFUNCTION("IFERROR(VALUE(REGEXREPLACE(TO_TEXT(G7), ""[^0-9]"", """")), 0)"),64.0) -> 64 | O7: =IF(H7="", "UNKNOWN", UPPER(TRIM(H7))) -> UNKNOWN | P7: {=INDEX(exchange_rates!$C:$C, MATCH(1, (exchange_rates!$B:$B=E7) * (exchange_rates!$A:$A=B7), 0))} -> 0.012 | Q7: =D7*P7 -> 3300 | R7: =IF(AND(O7="APAC", D7 > 5000), 1, IF(AND(O7="EU", D7 > 6000), 1, IF(AND(O7="US", D7 > 7000), 1, 0))) -> 0 | S7: =IF(OR(N7 >= 70, M7="OTHER"), 1, 0) -> 0
A8: T007 | B8: 46083 | C8: Alpha Mart | D8: 450000 | E8: INR | F8: chargeback | G8: risk-83 | H8: APAC | I8: U006 | J8: Card | K8: =TRIM(PROPER(C:C)) -> Alpha Mart | L8: =DATEVALUE(B:B) -> 46083 | M8: =IF(ISNUMBER(SEARCH("captured", F8)), "CAPTURED", IF(ISNUMBER(SEARCH("failed", F8)), "FAILED", "OTHER")) -> OTHER | N8: =IFERROR(__xludf.DUMMYFUNCTION("IFERROR(VALUE(REGEXREPLACE(TO_TEXT(G8), ""[^0-9]"", """")), 0)"),83.0) -> 83 | O8: =IF(H8="", "UNKNOWN", UPPER(TRIM(H8))) -> APAC | P8: {=INDEX(exchange_rates!$C:$C, MATCH(1, (exchange_rates!$B:$B=E8) * (exchange_rates!$A:$A=B8), 0))} -> 0.012 | Q8: =D8*P8 -> 5400 | R8: =IF(AND(O8="APAC", D8 > 5000), 1, IF(AND(O8="EU", D8 > 6000), 1, IF(AND(O8="US", D8 > 7000), 1, 0))) -> 1 | S8: =IF(OR(N8 >= 70, M8="OTHER"), 1, 0) -> 1
A9: T008 | B9: 46084 | C9: BETA STORES | D9: 340000 | E9: INR | F9: Captured | G9: 59 | I9: U007 | J9: UPI | K9: =TRIM(PROPER(C:C)) -> Beta Stores | L9: =DATEVALUE(B:B) -> 46084 | M9: =IF(ISNUMBER(SEARCH("captured", F9)), "CAPTURED", IF(ISNUMBER(SEARCH("failed", F9)), "FAILED", "OTHER")) -> CAPTURED | N9: =IFERROR(__xludf.DUMMYFUNCTION("IFERROR(VALUE(REGEXREPLACE(TO_TEXT(G9), ""[^0-9]"", """")), 0)"),59.0) -> 59 | O9: =IF(H9="", "UNKNOWN", UPPER(TRIM(H9))) -> UNKNOWN | P9: {=INDEX(exchange_rates!$C:$C, MATCH(1, (exchange_rates!$B:$B=E9) * (exchange_rates!$A:$A=B9), 0))} -> 0.0121 | Q9: =D9*P9 -> 4114 | R9: =IF(AND(O9="APAC", D9 > 5000), 1, IF(AND(O9="EU", D9 > 6000), 1, IF(AND(O9="US", D9 > 7000), 1, 0))) -> 0 | S9: =IF(OR(N9 >= 70, M9="OTHER"), 1, 0) -> 0
A10: T009 | B10: 46084 | C10: Alpha Mart | D10: 125000 | E10: INR | F10: captured | G10: 46 | H10: APAC | I10: U002 | J10: Wallet | K10: =TRIM(PROPER(C:C)) -> Alpha Mart | L10: =DATEVALUE(B:B) -> 46084 | M10: =IF(ISNUMBER(SEARCH("captured", F10)), "CAPTURED", IF(ISNUMBER(SEARCH("failed", F10)), "FAILED", "OTHER")) -> CAPTURED | N10: =IFERROR(__xludf.DUMMYFUNCTION("IFERROR(VALUE(REGEXREPLACE(TO_TEXT(G10), ""[^0-9]"", """")), 0)"),46.0) -> 46 | O10: =IF(H10="", "UNKNOWN", UPPER(TRIM(H10))) -> APAC | P10: {=INDEX(exchange_rates!$C:$C, MATCH(1, (exchange_rates!$B:$B=E10) * (exchange_rates!$A:$A=B10), 0))} -> 0.0121 | Q10: =D10*P10 -> 1512.5 | R10: =IF(AND(O10="APAC", D10 > 5000), 1, IF(AND(O10="EU", D10 > 6000), 1, IF(AND(O10="US", D10 > 7000), 1, 0))) -> 1 | S10: =IF(OR(N10 >= 70, M10="OTHER"), 1, 0) -> 0
A11: T010 | B11: 46084 | C11: Beta Stores | D11: 610000 | E11: INR | F11: captured | G11: risk-77 | I11: U003 | J11: Card | K11: =TRIM(PROPER(C:C)) -> Beta Stores | L11: =DATEVALUE(B:B) -> 46084 | M11: =IF(ISNUMBER(SEARCH("captured", F11)), "CAPTURED", IF(ISNUMBER(SEARCH("failed", F11)), "FAILED", "OTHER")) -> CAPTURED | N11: =IFERROR(__xludf.DUMMYFUNCTION("IFERROR(VALUE(REGEXREPLACE(TO_TEXT(G11), ""[^0-9]"", """")), 0)"),77.0) -> 77 | O11: =IF(H11="", "UNKNOWN", UPPER(TRIM(H11))) -> UNKNOWN | P11: {=INDEX(exchange_rates!$C:$C, MATCH(1, (exchange_rates!$B:$B=E11) * (exchange_rates!$A:$A=B11), 0))} -> 0.0121 | Q11: =D11*P11 -> 7381 | R11: =IF(AND(O11="APAC", D11 > 5000), 1, IF(AND(O11="EU", D11 > 6000), 1, IF(AND(O11="US", D11 > 7000), 1, 0))) -> 0 | S11: =IF(OR(N11 >= 70, M11="OTHER"), 1, 0) -> 1
A12: T011 | B12: 46084 | C12: Alpha Mart | D12: 195000 | E12: INR | F12: FAILED e05 TIMEOUT | I12: U008 | J12: UPI | K12: =TRIM(PROPER(C:C)) -> Alpha Mart | L12: =DATEVALUE(B:B) -> 46084 | M12: =IF(ISNUMBER(SEARCH("captured", F12)), "CAPTURED", IF(ISNUMBER(SEARCH("failed", F12)), "FAILED", "OTHER")) -> FAILED | N12: =IFERROR(__xludf.DUMMYFUNCTION("IFERROR(VALUE(REGEXREPLACE(TO_TEXT(G12), ""[^0-9]"", """")), 0)"),0.0) -> 0 | O12: =IF(H12="", "UNKNOWN", UPPER(TRIM(H12))) -> UNKNOWN | P12: {=INDEX(exchange_rates!$C:$C, MATCH(1, (exchange_rates!$B:$B=E12) * (exchange_rates!$A:$A=B12), 0))} -> 0.0121 | Q12: =D12*P12 -> 2359.5 | R12: =IF(AND(O12="APAC", D12 > 5000), 1, IF(AND(O12="EU", D12 > 6000), 1, IF(AND(O12="US", D12 > 7000), 1, 0))) -> 0 | S12: =IF(OR(N12 >= 70, M12="OTHER"), 1, 0) -> 0
A13: T012 | B13: 46085 | C13: Beta Stores | D13: 250000 | E13: INR | F13: captured | G13: risk-61 | H13: APAC | I13: U009 | J13: Card | K13: =TRIM(PROPER(C:C)) -> Beta Stores | L13: =DATEVALUE(B:B) -> 46085 | M13: =IF(ISNUMBER(SEARCH("captured", F13)), "CAPTURED", IF(ISNUMBER(SEARCH("failed", F13)), "FAILED", "OTHER")) -> CAPTURED | N13: =IFERROR(__xludf.DUMMYFUNCTION("IFERROR(VALUE(REGEXREPLACE(TO_TEXT(G13), ""[^0-9]"", """")), 0)"),61.0) -> 61 | O13: =IF(H13="", "UNKNOWN", UPPER(TRIM(H13))) -> APAC | P13: {=INDEX(exchange_rates!$C:$C, MATCH(1, (exchange_rates!$B:$B=E13) * (exchange_rates!$A:$A=B13), 0))} -> 0.012 | Q13: =D13*P13 -> 3000 | R13: =IF(AND(O13="APAC", D13 > 5000), 1, IF(AND(O13="EU", D13 > 6000), 1, IF(AND(O13="US", D13 > 7000), 1, 0))) -> 1 | S13: =IF(OR(N13 >= 70, M13="OTHER"), 1, 0) -> 0
A14: T013 | B14: 46085 | C14: alpha mart | D14: 310000 | E14: INR | F14: captured | G14: score:54 | H14: APAC | I14: U010 | J14: UPI | K14: =TRIM(PROPER(C:C)) -> Alpha Mart | L14: =DATEVALUE(B:B) -> 46085 | M14: =IF(ISNUMBER(SEARCH("captured", F14)), "CAPTURED", IF(ISNUMBER(SEARCH("failed", F14)), "FAILED", "OTHER")) -> CAPTURED | N14: =IFERROR(__xludf.DUMMYFUNCTION("IFERROR(VALUE(REGEXREPLACE(TO_TEXT(G14), ""[^0-9]"", """")), 0)"),54.0) -> 54 | O14: =IF(H14="", "UNKNOWN", UPPER(TRIM(H14))) -> APAC | P14: {=INDEX(exchange_rates!$C:$C, MATCH(1, (exchange_rates!$B:$B=E14) * (exchange_rates!$A:$A=B14), 0))} -> 0.012 | Q14: =D14*P14 -> 3720 | R14: =IF(AND(O14="APAC", D14 > 5000), 1, IF(AND(O14="EU", D14 > 6000), 1, IF(AND(O14="US", D14 > 7000), 1, 0))) -> 1 | S14: =IF(OR(N14 >= 70, M14="OTHER"), 1, 0) -> 0
A15: T014 | B15: 46085 | C15: Beta Stores | D15: 470000 | E15: INR | F15: captured | G15: risk-73 | H15: APAC | I15: U001 | J15: NetBanking | K15: =TRIM(PROPER(C:C)) -> Beta Stores | L15: =DATEVALUE(B:B) -> 46085 | M15: =IF(ISNUMBER(SEARCH("captured", F15)), "CAPTURED", IF(ISNUMBER(SEARCH("failed", F15)), "FAILED", "OTHER")) -> CAPTURED | N15: =IFERROR(__xludf.DUMMYFUNCTION("IFERROR(VALUE(REGEXREPLACE(TO_TEXT(G15), ""[^0-9]"", """")), 0)"),73.0) -> 73 | O15: =IF(H15="", "UNKNOWN", UPPER(TRIM(H15))) -> APAC | P15: {=INDEX(exchange_rates!$C:$C, MATCH(1, (exchange_rates!$B:$B=E15) * (exchange_rates!$A:$A=B15), 0))} -> 0.012 | Q15: =D15*P15 -> 5640 | R15: =IF(AND(O15="APAC", D15 > 5000), 1, IF(AND(O15="EU", D15 > 6000), 1, IF(AND(O15="US", D15 > 7000), 1, 0))) -> 1 | S15: =IF(OR(N15 >= 70, M15="OTHER"), 1, 0) -> 1
A16: T015 | B16: 46085 | C16: Alpha Mart | D16: 130000 | E16: INR | F16: captured | G16: score:52 | I16: U002 | J16: Card | K16: =TRIM(PROPER(C:C)) -> Alpha Mart | L16: =DATEVALUE(B:B) -> 46085 | M16: =IF(ISNUMBER(SEARCH("captured", F16)), "CAPTURED", IF(ISNUMBER(SEARCH("failed", F16)), "FAILED", "OTHER")) -> CAPTURED | N16: =IFERROR(__xludf.DUMMYFUNCTION("IFERROR(VALUE(REGEXREPLACE(TO_TEXT(G16), ""[^0-9]"", """")), 0)"),52.0) -> 52 | O16: =IF(H16="", "UNKNOWN", UPPER(TRIM(H16))) -> UNKNOWN | P16: {=INDEX(exchange_rates!$C:$C, MATCH(1, (exchange_rates!$B:$B=E16) * (exchange_rates!$A:$A=B16), 0))} -> 0.012 | Q16: =D16*P16 -> 1560 | R16: =IF(AND(O16="APAC", D16 > 5000), 1, IF(AND(O16="EU", D16 > 6000), 1, IF(AND(O16="US", D16 > 7000), 1, 0))) -> 0 | S16: =IF(OR(N16 >= 70, M16="OTHER"), 1, 0) -> 0
A17: T016 | B17: 46086 | C17: Beta Stores | D17: 220000 | E17: INR | F17: failed E05 timeout | G17: risk-69 | I17: U008 | J17: Card | K17: =TRIM(PROPER(C:C)) -> Beta Stores | L17: =DATEVALUE(B:B) -> 46086 | M17: =IF(ISNUMBER(SEARCH("captured", F17)), "CAPTURED", IF(ISNUMBER(SEARCH("failed", F17)), "FAILED", "OTHER")) -> FAILED | N17: =IFERROR(__xludf.DUMMYFUNCTION("IFERROR(VALUE(REGEXREPLACE(TO_TEXT(G17), ""[^0-9]"", """")), 0)"),69.0) -> 69 | O17: =IF(H17="", "UNKNOWN", UPPER(TRIM(H17))) -> UNKNOWN | P17: {=INDEX(exchange_rates!$C:$C, MATCH(1, (exchange_rates!$B:$B=E17) * (exchange_rates!$A:$A=B17), 0))} -> 0.0118 | Q17: =D17*P17 -> 2596 | R17: =IF(AND(O17="APAC", D17 > 5000), 1, IF(AND(O17="EU", D17 > 6000), 1, IF(AND(O17="US", D17 > 7000), 1, 0))) -> 0 | S17: =IF(OR(N17 >= 70, M17="OTHER"), 1, 0) -> 0
A18: T017 | B18: 46086 | C18: Beta Stores | D18: 180000 | E18: INR | F18: Failed E05 Timeout | G18: score:72 | H18: apac | I18: U008 | J18: Card | K18: =TRIM(PROPER(C:C)) -> Beta Stores | L18: =DATEVALUE(B:B) -> 46086 | M18: =IF(ISNUMBER(SEARCH("captured", F18)), "CAPTURED", IF(ISNUMBER(SEARCH("failed", F18)), "FAILED", "OTHER")) -> FAILED | N18: =IFERROR(__xludf.DUMMYFUNCTION("IFERROR(VALUE(REGEXREPLACE(TO_TEXT(G18), ""[^0-9]"", """")), 0)"),72.0) -> 72 | O18: =IF(H18="", "UNKNOWN", UPPER(TRIM(H18))) -> APAC | P18: {=INDEX(exchange_rates!$C:$C, MATCH(1, (exchange_rates!$B:$B=E18) * (exchange_rates!$A:$A=B18), 0))} -> 0.0118 | Q18: =D18*P18 -> 2124 | R18: =IF(AND(O18="APAC", D18 > 5000), 1, IF(AND(O18="EU", D18 > 6000), 1, IF(AND(O18="US", D18 > 7000), 1, 0))) -> 1 | S18: =IF(OR(N18 >= 70, M18="OTHER"), 1, 0) -> 1
A19: T018 | B19: 46086 | C19: BETA STORES | D19: 145000 | E19: INR | F19: chargeback | G19: risk-86 | H19: APAC | I19: U008 | J19: UPI | K19: =TRIM(PROPER(C:C)) -> Beta Stores | L19: =DATEVALUE(B:B) -> 46086 | M19: =IF(ISNUMBER(SEARCH("captured", F19)), "CAPTURED", IF(ISNUMBER(SEARCH("failed", F19)), "FAILED", "OTHER")) -> OTHER | N19: =IFERROR(__xludf.DUMMYFUNCTION("IFERROR(VALUE(REGEXREPLACE(TO_TEXT(G19), ""[^0-9]"", """")), 0)"),86.0) -> 86 | O19: =IF(H19="", "UNKNOWN", UPPER(TRIM(H19))) -> APAC | P19: {=INDEX(exchange_rates!$C:$C, MATCH(1, (exchange_rates!$B:$B=E19) * (exchange_rates!$A:$A=B19), 0))} -> 0.0118 | Q19: =D19*P19 -> 1711 | R19: =IF(AND(O19="APAC", D19 > 5000), 1, IF(AND(O19="EU", D19 > 6000), 1, IF(AND(O19="US", D19 > 7000), 1, 0))) -> 1 | S19: =IF(OR(N19 >= 70, M19="OTHER"), 1, 0) -> 1
A20: T019 | B20: 46086 | C20: Alpha Mart | D20: 260000 | E20: INR | F20: Failed E05 Timeout | G20: score:67 | H20: apac | I20: U008 | J20: Wallet | K20: =TRIM(PROPER(C:C)) -> Alpha Mart | L20: =DATEVALUE(B:B) -> 46086 | M20: =IF(ISNUMBER(SEARCH("captured", F20)), "CAPTURED", IF(ISNUMBER(SEARCH("failed", F20)), "FAILED", "OTHER")) -> FAILED | N20: =IFERROR(__xludf.DUMMYFUNCTION("IFERROR(VALUE(REGEXREPLACE(TO_TEXT(G20), ""[^0-9]"", """")), 0)"),67.0) -> 67 | O20: =IF(H20="", "UNKNOWN", UPPER(TRIM(H20))) -> APAC | P20: {=INDEX(exchange_rates!$C:$C, MATCH(1, (exchange_rates!$B:$B=E20) * (exchange_rates!$A:$A=B20), 0))} -> 0.0118 | Q20: =D20*P20 -> 3068 | R20: =IF(AND(O20="APAC", D20 > 5000), 1, IF(AND(O20="EU", D20 > 6000), 1, IF(AND(O20="US", D20 > 7000), 1, 0))) -> 1 | S20: =IF(OR(N20 >= 70, M20="OTHER"), 1, 0) -> 0
A21: T020 | B21: 46086 | C21: Alpha Mart | D21: 520000 | E21: INR | F21: Captured | G21: 75 | H21: APAC | I21: U005 | J21: UPI | K21: =TRIM(PROPER(C:C)) -> Alpha Mart | L21: =DATEVALUE(B:B) -> 46086 | M21: =IF(ISNUMBER(SEARCH("captured", F21)), "CAPTURED", IF(ISNUMBER(SEARCH("failed", F21)), "FAILED", "OTHER")) -> CAPTURED | N21: =IFERROR(__xludf.DUMMYFUNCTION("IFERROR(VALUE(REGEXREPLACE(TO_TEXT(G21), ""[^0-9]"", """")), 0)"),75.0) -> 75 | O21: =IF(H21="", "UNKNOWN", UPPER(TRIM(H21))) -> APAC | P21: {=INDEX(exchange_rates!$C:$C, MATCH(1, (exchange_rates!$B:$B=E21) * (exchange_rates!$A:$A=B21), 0))} -> 0.0118 | Q21: =D21*P21 -> 6136 | R21: =IF(AND(O21="APAC", D21 > 5000), 1, IF(AND(O21="EU", D21 > 6000), 1, IF(AND(O21="US", D21 > 7000), 1, 0))) -> 1 | S21: =IF(OR(N21 >= 70, M21="OTHER"), 1, 0) -> 1
A22: T021 | B22: 46087 | C22: beta stores | D22: 330000 | E22: INR | F22: captured | G22: score:63 | I22: U006 | J22: Card | K22: =TRIM(PROPER(C:C)) -> Beta Stores | L22: =DATEVALUE(B:B) -> 46087 | M22: =IF(ISNUMBER(SEARCH("captured", F22)), "CAPTURED", IF(ISNUMBER(SEARCH("failed", F22)), "FAILED", "OTHER")) -> CAPTURED | N22: =IFERROR(__xludf.DUMMYFUNCTION("IFERROR(VALUE(REGEXREPLACE(TO_TEXT(G22), ""[^0-9]"", """")), 0)"),63.0) -> 63 | O22: =IF(H22="", "UNKNOWN", UPPER(TRIM(H22))) -> UNKNOWN | P22: {=INDEX(exchange_rates!$C:$C, MATCH(1, (exchange_rates!$B:$B=E22) * (exchange_rates!$A:$A=B22), 0))} -> 0.0119 | Q22: =D22*P22 -> 3927 | R22: =IF(AND(O22="APAC", D22 > 5000), 1, IF(AND(O22="EU", D22 > 6000), 1, IF(AND(O22="US", D22 > 7000), 1, 0))) -> 0 | S22: =IF(OR(N22 >= 70, M22="OTHER"), 1, 0) -> 0
A23: T022 | B23: 46087 | C23: ALPHA MART | D23: 410000 | E23: INR | F23: captured | G23: 60 | H23: APAC | I23: U007 | J23: UPI | K23: =TRIM(PROPER(C:C)) -> Alpha Mart | L23: =DATEVALUE(B:B) -> 46087 | M23: =IF(ISNUMBER(SEARCH("captured", F23)), "CAPTURED", IF(ISNUMBER(SEARCH("failed", F23)), "FAILED", "OTHER")) -> CAPTURED | N23: =IFERROR(__xludf.DUMMYFUNCTION("IFERROR(VALUE(REGEXREPLACE(TO_TEXT(G23), ""[^0-9]"", """")), 0)"),60.0) -> 60 | O23: =IF(H23="", "UNKNOWN", UPPER(TRIM(H23))) -> APAC | P23: {=INDEX(exchange_rates!$C:$C, MATCH(1, (exchange_rates!$B:$B=E23) * (exchange_rates!$A:$A=B23), 0))} -> 0.0119 | Q23: =D23*P23 -> 4879 | R23: =IF(AND(O23="APAC", D23 > 5000), 1, IF(AND(O23="EU", D23 > 6000), 1, IF(AND(O23="US", D23 > 7000), 1, 0))) -> 1 | S23: =IF(OR(N23 >= 70, M23="OTHER"), 1, 0) -> 0
A24: T023 | B24: 46082 | C24: City Pharma | D24: 5200 | E24: EUR | F24: Captured | G24: 42 | H24: EU | I24: U003 | J24: Card | K24: =TRIM(PROPER(C:C)) -> City Pharma | L24: =DATEVALUE(B:B) -> 46082 | M24: =IF(ISNUMBER(SEARCH("captured", F24)), "CAPTURED", IF(ISNUMBER(SEARCH("failed", F24)), "FAILED", "OTHER")) -> CAPTURED | N24: =IFERROR(__xludf.DUMMYFUNCTION("IFERROR(VALUE(REGEXREPLACE(TO_TEXT(G24), ""[^0-9]"", """")), 0)"),42.0) -> 42 | O24: =IF(H24="", "UNKNOWN", UPPER(TRIM(H24))) -> EU | P24: {=INDEX(exchange_rates!$C:$C, MATCH(1, (exchange_rates!$B:$B=E24) * (exchange_rates!$A:$A=B24), 0))} -> 1.08 | Q24: =D24*P24 -> 5616 | R24: =IF(AND(O24="APAC", D24 > 5000), 1, IF(AND(O24="EU", D24 > 6000), 1, IF(AND(O24="US", D24 > 7000), 1, 0))) -> 0 | S24: =IF(OR(N24 >= 70, M24="OTHER"), 1, 0) -> 0
A25: T024 | B25: 46083 | C25: Eco Home | D25: 6100 | E25: EUR | F25: chargeback | G25: score:65 | H25: EU | I25: U004 | J25: Card | K25: =TRIM(PROPER(C:C)) -> Eco Home | L25: =DATEVALUE(B:B) -> 46083 | M25: =IF(ISNUMBER(SEARCH("captured", F25)), "CAPTURED", IF(ISNUMBER(SEARCH("failed", F25)), "FAILED", "OTHER")) -> OTHER | N25: =IFERROR(__xludf.DUMMYFUNCTION("IFERROR(VALUE(REGEXREPLACE(TO_TEXT(G25), ""[^0-9]"", """")), 0)"),65.0) -> 65 | O25: =IF(H25="", "UNKNOWN", UPPER(TRIM(H25))) -> EU | P25: {=INDEX(exchange_rates!$C:$C, MATCH(1, (exchange_rates!$B:$B=E25) * (exchange_rates!$A:$A=B25), 0))} -> 1.09 | Q25: =D25*P25 -> 6649 | R25: =IF(AND(O25="APAC", D25 > 5000), 1, IF(AND(O25="EU", D25 > 6000), 1, IF(AND(O25="US", D25 > 7000), 1, 0))) -> 1 | S25: =IF(OR(N25 >= 70, M25="OTHER"), 1, 0) -> 1
A26: T025 | B26: 46084 | C26: City Pharma | D26: 2800 | E26: EUR | F26: captured | G26: 38 | H26: eu | I26: U005 | J26: Wallet | K26: =TRIM(PROPER(C:C)) -> City Pharma | L26: =DATEVALUE(B:B) -> 46084 | M26: =IF(ISNUMBER(SEARCH("captured", F26)), "CAPTURED", IF(ISNUMBER(SEARCH("failed", F26)), "FAILED", "OTHER")) -> CAPTURED | N26: =IFERROR(__xludf.DUMMYFUNCTION("IFERROR(VALUE(REGEXREPLACE(TO_TEXT(G26), ""[^0-9]"", """")), 0)"),38.0) -> 38 | O26: =IF(H26="", "UNKNOWN", UPPER(TRIM(H26))) -> EU | P26: {=INDEX(exchange_rates!$C:$C, MATCH(1, (exchange_rates!$B:$B=E26) * (exchange_rates!$A:$A=B26), 0))} -> 1.08 | Q26: =D26*P26 -> 3024 | R26: =IF(AND(O26="APAC", D26 > 5000), 1, IF(AND(O26="EU", D26 > 6000), 1, IF(AND(O26="US", D26 > 7000), 1, 0))) -> 0 | S26: =IF(OR(N26 >= 70, M26="OTHER"), 1, 0) -> 0
A27: T026 | B27: 46086 | C27: Eco Home | D27: 3300 | E27: EUR | F27: Failed E05 Timeout | G27: 44 | H27: EU | I27: U006 | J27: NetBanking | K27: =TRIM(PROPER(C:C)) -> Eco Home | L27: =DATEVALUE(B:B) -> 46086 | M27: =IF(ISNUMBER(SEARCH("captured", F27)), "CAPTURED", IF(ISNUMBER(SEARCH("failed", F27)), "FAILED", "OTHER")) -> FAILED | N27: =IFERROR(__xludf.DUMMYFUNCTION("IFERROR(VALUE(REGEXREPLACE(TO_TEXT(G27), ""[^0-9]"", """")), 0)"),44.0) -> 44 | O27: =IF(H27="", "UNKNOWN", UPPER(TRIM(H27))) -> EU | P27: {=INDEX(exchange_rates!$C:$C, MATCH(1, (exchange_rates!$B:$B=E27) * (exchange_rates!$A:$A=B27), 0))} -> 1.09 | Q27: =D27*P27 -> 3597 | R27: =IF(AND(O27="APAC", D27 > 5000), 1, IF(AND(O27="EU", D27 > 6000), 1, IF(AND(O27="US", D27 > 7000), 1, 0))) -> 0 | S27: =IF(OR(N27 >= 70, M27="OTHER"), 1, 0) -> 0
A28: T027 | B28: 46082 | C28: DELTA TRAVELS | D28: 7200 | E28: USD | F28: captured | G28: 49 | H28: us | I28: U007 | J28: Card | K28: =TRIM(PROPER(C:C)) -> Delta Travels | L28: =DATEVALUE(B:B) -> 46082 | M28: =IF(ISNUMBER(SEARCH("captured", F28)), "CAPTURED", IF(ISNUMBER(SEARCH("failed", F28)), "FAILED", "OTHER")) -> CAPTURED | N28: =IFERROR(__xludf.DUMMYFUNCTION("IFERROR(VALUE(REGEXREPLACE(TO_TEXT(G28), ""[^0-9]"", """")), 0)"),49.0) -> 49 | O28: =IF(H28="", "UNKNOWN", UPPER(TRIM(H28))) -> US | P28: {=INDEX(exchange_rates!$C:$C, MATCH(1, (exchange_rates!$B:$B=E28) * (exchange_rates!$A:$A=B28), 0))} -> 1 | Q28: =D28*P28 -> 7200 | R28: =IF(AND(O28="APAC", D28 > 5000), 1, IF(AND(O28="EU", D28 > 6000), 1, IF(AND(O28="US", D28 > 7000), 1, 0))) -> 1 | S28: =IF(OR(N28 >= 70, M28="OTHER"), 1, 0) -> 0
A29: T028 | B29: 46083 | C29: Delta Travels | D29: 3100 | E29: USD | F29: CAPTURED | G29: risk-41 | H29: US | I29: U008 | J29: Card | K29: =TRIM(PROPER(C:C)) -> Delta Travels | L29: =DATEVALUE(B:B) -> 46083 | M29: =IF(ISNUMBER(SEARCH("captured", F29)), "CAPTURED", IF(ISNUMBER(SEARCH("failed", F29)), "FAILED", "OTHER")) -> CAPTURED | N29: =IFERROR(__xludf.DUMMYFUNCTION("IFERROR(VALUE(REGEXREPLACE(TO_TEXT(G29), ""[^0-9]"", """")), 0)"),41.0) -> 41 | O29: =IF(H29="", "UNKNOWN", UPPER(TRIM(H29))) -> US | P29: {=INDEX(exchange_rates!$C:$C, MATCH(1, (exchange_rates!$B:$B=E29) * (exchange_rates!$A:$A=B29), 0))} -> 1 | Q29: =D29*P29 -> 3100 | R29: =IF(AND(O29="APAC", D29 > 5000), 1, IF(AND(O29="EU", D29 > 6000), 1, IF(AND(O29="US", D29 > 7000), 1, 0))) -> 0 | S29: =IF(OR(N29 >= 70, M29="OTHER"), 1, 0) -> 0
A30: T029 | B30: 46085 | C30: delta travels | D30: 2500 | E30: USD | F30: chargeback | G30: score:58 | H30: US | I30: U009 | J30: Wallet | K30: =TRIM(PROPER(C:C)) -> Delta Travels | L30: =DATEVALUE(B:B) -> 46085 | M30: =IF(ISNUMBER(SEARCH("captured", F30)), "CAPTURED", IF(ISNUMBER(SEARCH("failed", F30)), "FAILED", "OTHER")) -> OTHER | N30: =IFERROR(__xludf.DUMMYFUNCTION("IFERROR(VALUE(REGEXREPLACE(TO_TEXT(G30), ""[^0-9]"", """")), 0)"),58.0) -> 58 | O30: =IF(H30="", "UNKNOWN", UPPER(TRIM(H30))) -> US | P30: {=INDEX(exchange_rates!$C:$C, MATCH(1, (exchange_rates!$B:$B=E30) * (exchange_rates!$A:$A=B30), 0))} -> 1 | Q30: =D30*P30 -> 2500 | R30: =IF(AND(O30="APAC", D30 > 5000), 1, IF(AND(O30="EU", D30 > 6000), 1, IF(AND(O30="US", D30 > 7000), 1, 0))) -> 0 | S30: =IF(OR(N30 >= 70, M30="OTHER"), 1, 0) -> 1
A31: T030 | B31: 46087 | C31: DELTA TRAVELS | D31: 1800 | E31: USD | F31: Failed E05 Timeout | G31: score:47 | H31: US | I31: U010 | J31: UPI | K31: =TRIM(PROPER(C:C)) -> Delta Travels | L31: =DATEVALUE(B:B) -> 46087 | M31: =IF(ISNUMBER(SEARCH("captured", F31)), "CAPTURED", IF(ISNUMBER(SEARCH("failed", F31)), "FAILED", "OTHER")) -> FAILED | N31: =IFERROR(__xludf.DUMMYFUNCTION("IFERROR(VALUE(REGEXREPLACE(TO_TEXT(G31), ""[^0-9]"", """")), 0)"),47.0) -> 47 | O31: =IF(H31="", "UNKNOWN", UPPER(TRIM(H31))) -> US | P31: {=INDEX(exchange_rates!$C:$C, MATCH(1, (exchange_rates!$B:$B=E31) * (exchange_rates!$A:$A=B31), 0))} -> 1 | Q31: =D31*P31 -> 1800 | R31: =IF(AND(O31="APAC", D31 > 5000), 1, IF(AND(O31="EU", D31 > 6000), 1, IF(AND(O31="US", D31 > 7000), 1, 0))) -> 0 | S31: =IF(OR(N31 >= 70, M31="OTHER"), 1, 0) -> 0

Sheet exchange_rates
A1: rate_date | B1: currency | C1: usd_rate
A2: 46082 | B2: INR | C2: 0.0119
A3: 46082 | B3: EUR | C3: 1.08
A4: 46082 | B4: USD | C4: 1
A5: 46083 | B5: INR | C5: 0.012
A6: 46083 | B6: EUR | C6: 1.09
A7: 46083 | B7: USD | C7: 1
A8: 46084 | B8: INR | C8: 0.0121
A9: 46084 | B9: EUR | C9: 1.08
A10: 46084 | B10: USD | C10: 1
A11: 46085 | B11: INR | C11: 0.012
A12: 46085 | B12: EUR | C12: 1.07
A13: 46085 | B13: USD | C13: 1
... A19: 46087 | B19: USD | C19: 1

Sheet merchant_master
A1: merchant_id | B1: merchant_name | C1: account_manager | D1: merchant_category | E1: default_region
A2: M001 | B2: Alpha Mart | C2: Aisha Khan | D2: Grocery | E2: APAC
A3: M002 | B3: Beta Stores | C3: Rohan Mehta | D3: Electronics | E3: APAC
A4: M003 | B4: City Pharma | C4: Elena Rossi | D4: Healthcare | E4: EU
A5: M004 | B5: Delta Travels | C5: Marcus Lee | D5: Travel | E5: US
A6: M005 | B6: Eco Home | C6: Nina Weber | D6: Home | E6: EU

Sheet merchant_risk_summary
